tag,avg_throughput_pkts,avg_lat_ns,avg_timeout_pkts,timeout_rate
RL_70000,4276516,172661,2963,0.0013450482206369347
RL_10000,4196383,176568,3361,0.0015566664088433103